kinder_nm,estab_gbn,open_dt,appr_cap,age3_cnt,age4_cnt,age5_cnt,mix_cnt,spec_cnt,lon,lat
가람유치원,사립(사인),20151102,180,26,44,46,0,0,127.099569,37.196383
갈담초등학교병설유치원,공립(병설),19850902,18,0,0,0,6,0,126.932910063713,37.175142447568
경기유치원,사립(사인),20020202,246,7,4,10,0,0,127.026971962248,37.199660681404
고정초등학교병설유치원,공립(병설),19810301,18,0,0,0,7,0,126.738174307205,37.2377174140126
구봉초등학교병설유치원,공립(병설),20040901,38,0,0,7,9,0,127.044813262021,37.2056609168671
기산초등학교병설유치원,공립(병설),20040915,38,0,0,12,6,0,127.050734324687,37.2246012589747
기안초등학교병설유치원,공립(병설),19860306,42,0,0,5,9,3,126.982571649974,37.2254588462686
깊은샘유치원,공립(단설),20090309,116,26,38,34,0,4,126.912617678439,37.1300724081079
꿈드림유치원,사립(사인),20150301,220,16,17,36,0,0,127.10650702735,37.1979549461703
꿈사랑유치원,사립(사인),20180301,176,33,46,73,0,0,127.1248798949,37.1848788614
나루아이유치원,공립(단설),20230301,154,50,47,39,0,7,127.0795289472,37.187339563
나인유치원,사립(사인),20120301,322,78,85,104,0,0,127.052513513054,37.209756488204
남양초등학교병설유치원,공립(병설),19810320,18,0,0,0,11,0,126.815573840461,37.2103812324183
내리숲초등학교병설유치원,공립(병설),20240901,116,28,40,48,0,0,126.924502342499,37.2260183600807
노진초등학교병설유치원,공립(병설),19860222,18,0,0,0,4,0,126.809190689232,37.0516026516638
늘봄초등학교병설유치원,공립(병설),20210303,58,7,12,15,0,0,127.109838571019,37.2174853260613
늘푸른유치원,사립(사인),19950221,80,30,18,32,0,0,126.995584735981,37.223448075131
능동초등학교병설유치원,공립(병설),20080301,58,4,8,4,0,0,127.058872248912,37.2133147421318
다온유치원,사립(사인),20120130,256,71,66,96,14,0,126.97567635847,37.2250787783638
다일유치원,사립(사인),20070307,117,7,15,22,0,0,127.036303346363,37.2191624712524
대양초등학교병설유치원,공립(병설),20170901,58,13,12,19,0,0,126.8049527999,37.264342956
도담유치원,사립(사인),20180307,154,36,40,55,0,0,127.1269833719,37.1901243598
도이초등학교병설유치원,공립(병설),20081001,58,10,11,10,0,0,126.926116410859,37.132633629995
동산숲유치원,사립(사인),20110301,169,9,23,24,0,0,126.943347744275,37.1358463982844
동실유치원,사립(사인),20070302,128,19,23,25,0,0,127.042885973105,37.2084901018352
동양초등학교병설유치원,공립(병설),20050301,38,0,0,9,9,0,126.822190043337,37.20699307841
동탄국제유치원,사립(사인),20171023,512,190,121,131,0,0,127.1117252494,37.1751173564
동탄꿈의유치원,사립(사인),20070301,588,75,71,99,0,0,127.077248960584,37.1969879008738
동탄목동초등학교병설유치원,공립(병설),20190306,58,7,12,17,0,0,127.12452262891956,37.18951785983508
동탄사관유치원,사립(사인),20200501,218,33,72,57,0,0,127.11073702530308,37.167313338190056
동탄에이스유치원,사립(사인),20240501,114,7,8,0,0,0,127.094183044595,37.1639263414754
동탄유치원,공립(단설),20170901,224,51,56,61,0,12,127.0906970127,37.1915236905
동탄이화유치원,사립(사인),20080415,169,28,45,43,0,0,127.052396937602,37.2089817420592
동탄중앙초등학교병설유치원,공립(병설),20150309,58,3,9,20,0,0,127.111288146587,37.1992020522865
동탄창의나라유치원,사립(사인),20160901,448,70,60,63,0,0,127.1114801584,37.210619058
동탄초등학교병설유치원,공립(병설),19820305,58,4,5,18,0,0,127.091284759324,37.1891361692411
동탄프라임유치원,사립(사인),20101113,290,75,43,37,0,0,127.060741859984,37.2064980633455
동탄호수유치원,공립(단설),20200301,144,55,40,40,0,4,127.1135961051,37.1680874327
동하유치원,사립(사인),20161201,192,40,59,51,0,0,127.104612,37.174891
동학초등학교병설유치원,공립(병설),20010903,58,13,7,23,0,0,127.058799009603,37.2330299278879
동화초등학교병설유치원,공립(병설),20071017,62,13,13,19,0,3,126.961633914777,37.2148867620776
라온유치원,공립(단설),20210315,220,56,70,64,0,12,127.12203009667137,37.17262748797208
리더스유치원,사립(사인),20150302,346,100,82,81,0,0,127.100514033849,37.2024473298342
마도초등학교병설유치원,공립(병설),19840911,18,0,0,0,4,0,126.772656443273,37.2041735832188
무봉유치원,공립(단설),20150310,153,42,40,33,0,4,127.1237719227,37.203789053
무봉초등학교병설유치원,공립(병설),20150301,58,13,7,17,0,0,127.116839146275,37.202997030832
민들레유치원,사립(사인),20070301,140,44,44,50,0,0,126.947856775384,37.2212926773002
바다유치원,사립(사인),20100901,356,32,58,64,0,0,126.914828867637,37.1295605259075
반디유치원,공립(단설),20200301,178,42,52,51,0,4,127.043743367744,37.2173414789384
반석초등학교병설유치원,공립(병설),20070901,58,5,8,14,0,0,127.078320819205,37.1936979812826
반송초등학교병설유치원,공립(병설),20071001,48,0,4,2,0,3,127.070176923266,37.1907661849967
방교초등학교병설유치원,공립(병설),20161201,58,7,14,13,0,0,127.1015253934,37.1732631518
배양초등학교병설유치원,공립(병설),20060301,20,0,0,0,7,0,126.988755303957,37.2188550064158
병점초등학교병설유치원,공립(병설),19460901,18,0,0,0,3,0,127.034383207347,37.2102977606444
봉담초등학교병설유치원,공립(병설),19860301,58,9,9,17,0,0,126.947359706173,37.2228056086799
비봉초등학교병설유치원,공립(병설),19810310,18,0,0,0,10,0,126.869014991676,37.23702751977
비손유치원,사립(사인),20100226,248,0,88,78,82,0,126.949010368567,37.2174725153485
빛여울유치원,공립(단설),20210301,240,42,65,57,0,8,127.0980624384,37.1613880703
상봉초등학교병설유치원,공립(병설),20080301,18,0,0,0,12,0,126.954356006434,37.2180957908039
상신초등학교병설유치원,공립(병설),19810310,58,7,17,7,0,0,126.901182299666,37.094072276727
새봄유치원,공립(단설),20210315,188,53,51,48,0,8,127.04770387994566,37.20098282083141
새봄초등학교병설유치원,공립(병설),20210303,58,8,10,18,0,0,127.030132527133,37.2012851294199
생각키움유치원,사립(사인),20180301,176,45,54,44,0,0,127.1125668474,37.2171452318
서경초등학교병설유치원,공립(병설),20200301,58,5,12,17,0,0,127.050814620805,37.2171413266407
서신초등학교병설유치원,공립(병설),19820301,20,0,0,0,8,2,126.707913457966,37.1693468488058
서연유치원,공립(단설),20180901,256,43,62,61,0,4,127.1088355997,37.1608148748
서연초등학교병설유치원,공립(병설),20180301,58,8,15,15,0,0,127.1137741377,37.1597650099
석우초등학교병설유치원,공립(병설),20070301,18,0,0,0,4,0,127.068199679308,37.2092792734609
석천초등학교병설유치원,공립(병설),19820305,18,0,0,0,4,0,126.788740899668,37.05515105665
세정초등학교병설유치원,공립(병설),20190902,58,8,15,23,0,0,127.10699650635536,37.159573089964745
세진유치원,사립(사인),20030301,202,10,20,22,0,0,126.928479267194,37.1590094412805
솔빛유치원,공립(단설),20180301,188,46,52,63,0,7,127.0705275538,37.1963093888
솔샘유치원,사립(사인),20190601,202,36,27,48,0,0,127.1174324065785,37.195749570503416
송산초등학교병설유치원,공립(병설),19800501,18,0,0,0,7,0,126.732088277468,37.2142654878568
송화초등학교병설유치원,공립(병설),20000901,58,6,6,22,0,0,127.040900240954,37.20236470548
수기초등학교병설유치원,공립(병설),20010301,20,0,0,0,2,0,126.980101253634,37.2015897625924
수영초등학교병설유치원,공립(병설),20080301,24,0,0,13,0,0,126.954282610749,37.2359160774895
수현유치원,공립(단설),20210901,232,54,75,83,0,12,126.94987145889,37.2282926332637
수현초등학교병설유치원,공립(병설),20210301,58,10,16,23,0,0,126.950222485574,37.2275758177572
숲속초등학교병설유치원,공립(병설),20100301,58,8,8,11,0,3,127.060484890158,37.206114013344
숲속코코유치원,사립(사인),20150413,256,52,53,62,0,0,126.931402014942,37.1236341711116
시연유치원,사립(사인),20080220,240,54,88,97,0,0,126.956277266691,37.2181605127818
신남초등학교병설유치원,공립(병설),20220901,82,7,16,37,0,0,126.817665482245,37.1912893405236
신동탄재크와콩나무유치원,사립(사인),20100301,500,58,58,84,0,0,127.043790158345,37.2016295071972
아뜰리에유치원,사립(사인),20240905,79,23,0,0,5,0,127.06541683049672,37.20098337452343
아이가행복한유치원,사립(법인),20200301,90,9,0,0,52,0,127.123897761697,37.1892961350404
아이들세상유치원,사립(사인),20060306,304,53,62,65,0,0,127.047533892973,37.2132494384901
아이리더유치원,사립(사인),20200618,128,36,44,44,0,0,127.114881244079,37.1716587007955
아이숲유치원,공립(단설),20170306,230,63,69,72,0,5,127.1090010936,37.1819787225
아이원유치원,사립(사인),20161101,542,213,129,114,0,0,127.1171641698,37.179602961
아인초등학교병설유치원,공립(병설),20150301,58,3,9,13,0,0,127.105293456688,37.2008092699772
아침해유치원,사립(사인),20160301,280,70,87,98,0,0,126.821621827432,37.2011168226591
안녕초등학교병설유치원,공립(병설),20070301,38,0,0,10,11,3,127.008533755575,37.2058918393015
안화초등학교병설유치원,공립(병설),20040301,62,9,12,11,0,0,127.047278398045,37.2127391696224
여울초등학교병설유치원,공립(병설),20210301,58,14,20,24,0,0,127.088809315887,37.195132484841
영천유치원,공립(단설),20150323,211,73,59,48,0,2,127.107324394631,37.2050733612964
예당초등학교병설유치원,공립(병설),20080901,84,26,9,17,0,0,127.075213466101,37.2105873312419
예솔초등학교병설유치원,공립(병설),20150901,58,5,8,10,0,0,127.119202922151,37.1966479297693
예원유치원,사립(사인),20000301,192,33,34,40,0,0,127.052293052353,37.211782009983
예일유치원,사립(사인),20040823,256,24,30,34,0,0,126.986919521185,37.2202081818474
오즈의마법사유치원,사립(사인),20090224,192,54,65,71,0,0,127.069692440291,37.188283753769
와우초등학교병설유치원,공립(병설),20070901,44,0,20,24,0,0,126.97241101,37.2202120482497
요술램프유치원,사립(사인),20210301,218,56,71,78,0,0,127.12808775823176,37.16750084489867
우림유치원,사립(사인),20010904,275,25,31,59,0,0,126.806289222243,37.2051901794298
우정초등학교병설유치원,공립(병설),19810305,18,0,0,0,10,0,126.800042841102,37.0815215414226
윤정유치원,사립(사인),20170918,153,36,19,11,0,0,127.0890638922,37.2087674532
율목초등학교병설유치원,공립(병설),20070902,58,4,11,14,0,0,127.0639338452,37.2366058712
이룸유치원,사립(사인),20120301,199,5,16,15,0,0,126.902586163592,37.0949636456951
이솔초등학교병설유치원,공립(병설),20210301,58,5,20,21,0,0,127.109765950561,37.1634418600878
이지유치원,사립(사인),20090901,575,66,119,108,0,0,126.927262998201,37.1278193317974
인성유치원,사립(사인),20170401,512,67,75,76,0,0,127.0908551808,37.1881716515
자연유치원,사립(사인),20020315,203,40,44,42,0,0,127.057494233385,37.2334919850525
정남초등학교병설유치원,공립(병설),19810307,18,0,0,0,8,0,126.984488472987,37.1678927869107
정림초등학교병설유치원,공립(병설),19840901,20,0,0,0,5,0,127.011491225568,37.1528743152009
정현초등학교병설유치원,공립(병설),20180301,58,11,12,19,0,0,127.11331992393,37.1717133664412
제암초등학교병설유치원,공립(병설),20040301,42,0,0,11,6,3,126.902113882533,37.131153869913
제이라온유치원,사립(사인),20180301,304,23,51,46,0,0,126.9009123826,37.099929644
중앙유치원,사립(사인),20160301,128,36,44,35,0,0,127.11142402885184,37.20194244490599
지예린유치원,사립(사인),20080301,223,45,31,43,0,0,127.044496613999,37.2091344358517
지은유치원,사립(사인),20070122,180,30,30,46,0,0,126.898597816801,37.1127445997675
진성유치원,사립(사인),20070301,370,23,18,28,0,0,127.041878340948,37.2099324552874
진안초등학교병설유치원,공립(병설),20040901,18,0,0,0,3,0,127.040545310214,37.2170057223233
창의샘유치원,사립(사인),20120301,430,64,79,67,0,0,127.066572188208,37.1928895698218
청계유치원,공립(단설),20150301,206,56,43,67,0,3,127.10789308,37.2010793109
청룡초등학교병설유치원,공립(병설),19850902,18,0,0,0,3,0,126.888624112294,37.2008437949181
청림초등학교병설유치원,공립(병설),20190301,58,11,10,20,0,0,127.11122004669728,37.174613240725655
청목초등학교병설유치원,공립(병설),20150630,58,13,14,22,0,4,127.117430721268,37.1957489251837
청연초등학교병설유치원,공립(병설),20250301,116,28,40,44,0,0,126.866967994423,37.2464945240656
청원초등학교병설유치원,공립(병설),19820308,18,0,0,0,6,0,126.761349022707,37.1879659796109
치동초등학교병설유치원,공립(병설),20170701,58,3,8,13,0,0,127.0915666303,37.2065525651
태안초등학교병설유치원,공립(병설),20040901,42,0,0,8,9,2,127.040864761216,37.2106583829593
팔탄초등학교대방분교장병설유치원,공립(병설),19810310,18,0,0,0,5,0,126.870155958408,37.1619011869234
팔탄초등학교병설유치원,공립(병설),19810310,18,0,0,0,5,0,126.902404181729,37.1599985673963
푸른초등학교병설유치원,공립(병설),20080301,38,0,0,14,11,2,127.055294654031,37.2023898699354
하길유치원,공립(단설),20180301,134,42,37,46,0,7,126.9021068465,37.1123256983
하길초등학교병설유치원,공립(병설),20160304,58,4,8,15,0,0,126.904073891,37.1156071816
하늘빛유치원,공립(단설),20130301,116,27,39,30,0,9,127.0768574999,37.2107158065
학동초등학교병설유치원,공립(병설),20070406,58,10,10,13,0,0,127.066051754912,37.2052845126775
학촌유치원,사립(사인),20080301,450,106,129,104,0,0,126.960516533853,37.212735445743
한마음초등학교병설유치원,공립(병설),20080301,62,11,4,18,0,2,127.056402978995,37.2079674086213
한백초등학교병설유치원,공립(병설),20150309,58,14,20,17,0,0,127.114718767441,37.2083427030344
한빛유치원,사립(사인),19990302,324,21,34,34,0,0,127.043582150618,37.2019081413467
한율초등학교병설유치원,공립(병설),20180302,58,10,14,20,0,0,127.12299782,37.186687892
해아뜰유치원,사립(사인),20161101,140,41,43,37,0,0,127.11598691901337,37.2006473094559
해오름유치원,사립(사인),20020315,282,74,78,103,0,0,127.06257140744,37.2326617280608
해운초등학교병설유치원,공립(병설),19810310,18,0,0,0,13,0,126.703415554895,37.1395778516941
행복한아이들유치원,사립(사인),20070301,386,76,77,62,0,0,127.044791989766,37.2062055871101
향남유치원,공립(단설),20180302,158,26,44,43,0,7,126.9077893078,37.1061958002
향남초등학교병설유치원,공립(병설),19850311,18,0,0,0,4,0,126.943675981999,37.1197532304326
현민초등학교병설유치원,공립(병설),20250818,58,4,13,14,0,0,127.12983936813,37.1829064399778
호연초등학교병설유치원,공립(병설),20210301,102,14,30,46,0,0,127.104881501332,37.1630275622654
화남초등학교병설유치원,공립(병설),20200301,60,7,12,20,0,0,127.096035464284,37.1638586271203
화산초등학교병설유치원,공립(병설),19850301,38,0,0,6,6,0,127.014084389957,37.2110878864829
화성금곡초등학교병설유치원,공립(병설),20070301,58,6,15,13,0,0,127.066217943731,37.1986345539067
화성매송초등학교병설유치원,공립(병설),19820301,18,0,0,0,10,0,126.928989822828,37.2493808284188
화성바른초등학교병설유치원,공립(병설),20250818,58,11,9,17,0,0,127.139034211511,37.1820732550996
화성반월초등학교병설유치원,공립(병설),20150301,62,12,18,21,0,3,127.059268923796,37.2235904039467
화성벌말초등학교병설유치원,공립(병설),20040915,38,0,0,6,10,0,127.037959219841,37.2025822277379
화성신동초등학교병설유치원,공립(병설),20230301,58,14,20,24,0,0,127.12977266218,37.1746553764326
화성월문초등학교병설유치원,공립(병설),19850906,18,0,0,0,7,0,126.872922334586,37.1185888364878
화성장안초등학교병설유치원,공립(병설),19810305,20,0,0,0,10,0,126.823874015357,37.0860433677198
화성청계초등학교병설유치원,공립(병설),20150422,58,8,13,17,0,0,127.102105506759,37.1991920036926
화성화수초등학교병설유치원,공립(병설),19810301,18,0,0,0,8,0,126.797029870175,37.1091364379494
화원초등학교병설유치원,공립(병설),20150301,58,10,16,23,0,0,126.919063878206,37.1117072592186
활초초등학교병설유치원,공립(병설),19850311,18,0,0,0,5,0,126.825095254688,37.1787689118386
효행초등학교병설유치원,공립(병설),20170301,62,13,17,21,0,4,126.9682872649,37.215965444
감일유치원,공립(단설),20210301,232,54,75,87,0,7,127.15885343538493,37.507688024690346
감일초등학교병설유치원,공립(병설),20190904,74,24,19,15,0,3,127.1622477416847,37.500175790585786
구산유치원,공립(단설),20150309,174,42,56,55,0,4,127.185989021913,37.5701587795031
금강유치원,사립(사인),20041220,340,90,106,101,0,0,127.218934806753,37.5421132198931
나룰초등학교병설유치원,공립(병설),20100301,38,0,0,19,7,0,127.209192504431,37.5485586668221
단가람유치원,공립(단설),20210901,174,41,55,69,0,8,127.163134355541,37.5065125967202
단샘초등학교병설유치원,공립(병설),20210901,58,10,14,19,0,0,127.158743549685,37.5071768525879
달봄유치원,공립(단설),20170901,120,27,33,30,0,4,127.1825323863,37.5692348409
덕풍초등학교병설유치원,공립(병설),19970901,38,0,0,8,5,0,127.197647472236,37.5413512656177
동부초등학교병설유치원,공립(병설),19860310,42,0,0,12,12,4,127.202427306594,37.5374253764596
망월초등학교병설유치원,공립(병설),19810301,62,8,8,13,0,3,127.180634110485,37.5708474694978
미담유치원,공립(단설),20170403,178,42,51,66,0,4,127.1881607465,37.5729741395
미사강변초등학교병설유치원,공립(병설),20140901,38,0,0,6,14,0,127.186004864664,37.5758256216494
미사랑유치원,공립(단설),20170901,124,26,40,39,0,7,127.1894259679,37.5576371836
미사중앙초등학교병설유치원,공립(병설),20150301,58,10,11,20,0,0,127.198869526847,37.559224667258
미사초등학교병설유치원,공립(병설),20140701,58,14,20,15,0,0,127.193232175508,37.5717164317451
새싹유치원,사립(사인),19950301,180,18,16,19,0,0,127.224514281473,37.5405300638153
서부초등학교병설유치원,공립(병설),19830312,18,0,0,0,12,0,127.161805127796,37.5158132185989
소화유치원,사립(법인),20040409,152,36,44,52,0,0,127.204849095522,37.5411414418719
신우초등학교병설유치원,공립(병설),20210901,120,28,28,36,0,2,127.161079359333,37.5109952080278
신장초등학교병설유치원,공립(병설),19860301,58,11,7,11,0,0,127.208004822649,37.5426716795825
신평초등학교병설유치원,공립(병설),20060301,38,0,0,9,10,0,127.219952098826,37.5437901805932
써니힐유치원,사립(법인),19800522,261,54,88,96,0,0,127.20459827197,37.5470305625497
위례송하유치원,공립(단설),20210901,256,56,66,105,0,3,127.156961559525,37.4847085982174
위례숲초등학교병설유치원,공립(병설),20210301,34,5,10,0,0,0,127.1581164853,37.4851686444
위례유치원,공립(단설),20160328,178,42,53,65,0,3,127.15197345037714,37.47724981618197
위례초등학교병설유치원,공립(병설),20151109,58,14,10,6,0,0,127.149413851449,37.4771218937111
윤슬초등학교병설유치원,공립(병설),20160502,58,10,11,18,0,0,127.18251429898729,37.5636775330822
창우초등학교병설유치원,공립(병설),19950306,94,8,10,14,0,0,127.223754718484,37.5406580849102
하남유치원,사립(사인),19970627,246,69,66,78,0,0,127.221572807908,37.5433651087816
하남천현초등학교병설유치원,공립(병설),19940301,18,0,0,0,8,0,127.216118762607,37.5380864284789
하남초등학교병설유치원,공립(병설),19950309,38,0,0,7,11,0,127.222166344766,37.5374265957143
하남풍산초등학교병설유치원,공립(병설),20080303,18,0,0,0,5,0,127.201391880311,37.5543853901493
한홀초등학교병설유치원,공립(병설),20160502,58,5,12,17,0,0,127.185617460831,37.5603826155193
향기로운유치원,사립(사인),20180625,220,54,64,62,0,0,127.1886702603,37.5505781844
꿀벌유치원,사립(사인),19980304,120,33,22,31,0,0,127.144569665963,37.4909201831394
동화나라유치원,사립(사인),19911130,220,68,55,47,0,0,127.115422090332,37.5288140038853
란키즈유치원,사립(사인),20170307,98,32,37,22,0,0,127.1262886928,37.480765162
리아유치원,사립(사인),19890901,159,46,58,48,0,0,127.13526795732774,37.513364429522696
리틀바움유치원,사립(사인),20041028,95,35,29,14,0,0,127.118176325976,37.5289806781026
삼성유치원,사립(사인),20050205,175,50,53,59,0,0,127.130145334416,37.4902061937898
생명나무유치원,사립(사인),20090421,200,59,43,39,0,0,127.129196057209,37.4780032542902
서울가락초등학교병설유치원,공립(병설),19960115,94,8,18,27,0,5,127.107605159099,37.5000214192915
서울거여초등학교병설유치원,공립(병설),19850305,90,13,15,27,0,4,127.140971321498,37.5051643481187
서울거원초등학교병설유치원,공립(병설),20170908,76,5,17,19,0,2,127.1449343188,37.4876238569
서울방이초등학교병설유치원,공립(병설),20140519,72,5,17,17,0,3,127.120499634451,37.5134316242483
서울세륜초등학교병설유치원,공립(병설),19990317,52,8,12,12,0,3,127.134164155592,37.5185584042229
서울솔가람유치원,공립(단설),20140301,108,23,27,24,0,3,127.140969811702,37.4780179842293
서울솔가람유치원분원,공립(단설),20200301,66,17,11,14,0,0,127.136567201579,37.4750210600157
서울솔방울유치원,공립(단설),20210301,104,27,34,38,0,4,127.117388716809,37.5048493294901
서울송전초등학교병설유치원,공립(병설),20070301,52,9,10,14,0,0,127.09513122481,37.5088180634146
서울송파위례유치원,공립(단설),20220301,118,40,28,34,0,3,127.147350510962,37.4846780876415
서울송파초등학교병설유치원,공립(병설),20200301,52,7,12,20,0,0,127.11111896358,37.5071373684234
서울신천초등학교병설유치원,공립(병설),19860301,74,14,26,12,0,2,127.09503398411,37.5139996432474
서울아주초등학교병설유치원,공립(병설),20220307,52,6,12,14,0,0,127.07576789924,37.5058268902843
서울영풍초등학교병설유치원,공립(병설),20180301,56,7,12,17,0,3,127.1430149311,37.496218195
서울위례별유치원,공립(단설),20160526,178,24,41,46,0,6,127.145616413948,37.477746438627
서울위례솔초등학교병설유치원,공립(병설),20230306,90,13,30,34,0,4,127.150753871028,37.486734037842
서울잠신초등학교병설유치원,공립(병설),19990318,38,0,6,12,0,4,127.087943985829,37.5141490841601
서울잠일초등학교병설유치원,공립(병설),19870104,52,14,17,20,0,0,127.081635769294,37.5147416352064
서울평화초등학교병설유치원,공립(병설),20130524,52,10,15,14,0,0,127.12282530613,37.4915693471698
석촌유치원,사립(사인),19850401,300,88,73,89,0,0,127.106689294926,37.5028765889309
송파유정유치원,사립(사인),20110301,384,125,138,121,0,0,127.133075214494,37.485702201822
수정유치원,사립(사인),19900301,120,21,39,26,0,0,127.115313275713,37.5159738054979
아이코리아부속새세대유치원,사립(법인),19830302,120,24,40,18,0,0,127.134042568856,37.4827541355324
아주유치원,사립(사인),19970709,100,27,39,34,0,0,127.146186766308,37.4884652154823
예은유치원,사립(사인),19850206,240,34,37,56,0,0,127.120412090358,37.5047323164537
올림픽유치원,사립(사인),19890301,210,40,42,35,0,0,127.1305677246704,37.5130633774922
우일유치원,사립(사인),19891228,287,76,110,101,0,0,127.11287869248,37.5287615277254
위례우일유치원,사립(사인),20150109,264,69,96,99,0,0,127.157789599858,37.4965530773196
은선유치원,사립(법인),19900302,161,50,51,60,0,0,127.126326271088,37.4921663583594
의명유치원,사립(사인),19850916,220,48,36,53,0,0,127.126875828666,37.506329390393
잠실럭키유치원,사립(사인),20120307,132,40,44,48,0,0,127.0907761592884,37.513292123819866
장미유치원,사립(법인),19931222,76,19,18,25,0,0,127.100826414607,37.5179276514426
제일무궁화유치원,사립(사인),19880203,310,56,78,77,0,0,127.130995398711,37.4947418061202
티움유치원,사립(사인),20120403,94,36,28,29,0,0,127.115263010479,37.5010975953631
한가람유치원,사립(사인),19961219,88,13,12,25,0,0,127.114750494951,37.5369772020397
햇빛유치원,사립(사인),20090311,246,95,82,69,0,0,127.114124483968,37.5204911422062
혜림유치원,사립(사인),20090817,120,37,40,32,0,0,127.135226888172,37.4943466302217
홍익가족유치원,사립(사인),20160701,131,44,41,46,0,0,127.094959532052,37.5061674774508
건영장안유치원,사립(사인),19940706,190,36,44,39,0,0,127.141022089185,37.3714848082304
검단초등학교병설유치원,공립(병설),19850301,58,11,10,15,0,0,127.143834095877,37.4295915814352
고등나래유치원,공립(단설),20210901,154,31,43,48,0,4,127.096501133392,37.4269722347663
꾸러기유치원,사립(사인),19941208,106,34,31,25,0,0,127.12571859196,37.40302528854
꿈터유치원,사립(사인),19950902,144,48,44,41,0,0,127.112704018612,37.3461342156115
누리봄유치원,사립(사인),20110301,162,28,30,40,0,0,127.119217104184,37.3729444570953
늘푸른초등학교병설유치원,공립(병설),20040301,18,0,0,0,9,0,127.105546438312,37.3583243138225
다올유치원,사립(사인),19951017,180,34,20,40,0,0,127.112761328646,37.3487150670603
단남초등학교병설유치원,공립(병설),19870310,44,0,10,18,0,0,127.16144144904234,37.44237487824819
대하초등학교병설유치원,공립(병설),19880314,18,0,0,0,6,0,127.151597008187,37.4317095069929
도레미유치원,사립(사인),19940307,102,12,28,42,0,0,127.135769615341,37.4094366184863
도촌유치원,공립(단설),20150301,116,17,30,34,0,4,127.149772572876,37.4138974715795
도촌초등학교병설유치원,공립(병설),20080301,18,0,0,0,6,0,127.158000509762,37.4147282904511
동은유치원,사립(사인),19950925,177,53,42,38,0,0,127.11419426139,37.3377408774255
라라유치원,사립(사인),20090818,136,8,18,18,0,0,127.117883642442,37.3490129555692
백현초등학교병설유치원,공립(병설),19970301,62,11,6,9,0,4,127.111082390881,37.372263584656
복정초등학교병설유치원,공립(병설),19850301,19,0,0,0,5,1,127.12988952461,37.4625118434744
분당성모유치원,사립(법인),20090307,170,0,0,0,73,0,127.124418062739,37.3400993513287
분당유치원,사립(사인),19951121,160,10,15,21,0,0,127.118089855942,37.3609722764431
분당중앙유치원,사립(사인),20021129,150,44,38,44,0,0,127.141672069888,37.3734544950226
뽀뽀뽀유치원,사립(사인),19941123,200,36,44,26,0,0,127.13883058134,37.4149984809094
산운유치원,공립(단설),20130901,116,26,37,38,0,4,127.079025552431,37.3897523385428
삼성유치원,사립(사인),19940613,173,36,66,59,0,0,127.12571859196,37.40302528854
삼평유치원,공립(단설),20090901,116,26,37,41,0,4,127.116382489905,37.4021510766051
상원초등학교병설유치원,공립(병설),19850130,38,0,0,11,5,0,127.162727477321,37.4538154710725
샘터유치원,사립(사인),20091210,110,9,15,17,0,0,127.120377907598,37.3748546088602
샛별유치원,사립(사인),19930901,80,0,0,24,34,0,127.129192517616,37.3701349991975
서현유치원,사립(사인),19920701,106,6,7,11,0,0,127.127208824573,37.3852944869412
선경유치원,사립(사인),19930301,190,36,42,50,19,0,127.162944621107,37.4525172167827
성남북초등학교병설유치원,공립(병설),19860301,20,0,0,0,6,0,127.151183007289,37.4518178770109
성남서초등학교병설유치원,공립(병설),19850303,20,0,0,0,8,0,127.129461614904,37.4486970301601
성남송현초등학교병설유치원,공립(병설),20090301,38,0,0,5,5,0,127.116345783066,37.4054038642153
성남수정초등학교병설유치원,공립(병설),19810228,38,0,0,12,13,0,127.131924198637,37.4359854847491
성남여수유치원,공립(단설),20140310,116,26,38,29,0,9,127.133081003508,37.4194504872753
성남은행초등학교병설유치원,공립(병설),19850301,20,0,0,0,7,0,127.170929723278,37.4610495485089
성남장안초등학교병설유치원,공립(병설),19980319,20,0,0,0,9,0,127.144133701356,37.3723748614116
성남정자초등학교병설유치원,공립(병설),20050901,18,0,0,0,14,0,127.105343719914,37.3738535387436
성남제일초등학교병설유치원,공립(병설),19810228,58,11,12,15,0,0,127.149613645096,37.4389110160403
성남중앙초등학교병설유치원,공립(병설),19870310,18,0,0,0,6,0,127.143496193311,37.4361822987164
성남푸른유치원,공립(단설),20090301,124,24,38,35,0,8,127.144594649757,37.4463747053669
성남화랑초등학교병설유치원,공립(병설),20140307,22,0,0,0,8,0,127.116141168312,37.3900801755574
성마르코유치원,사립(법인),20090817,138,30,38,25,0,0,127.133164545462,37.4108302033586
성수초등학교병설유치원,공립(병설),19870301,20,0,0,0,9,0,127.127246890283,37.4337804942053
성체유치원,사립(법인),19700708,180,36,43,30,0,0,127.137476477357,37.4390609973806
수진초등학교병설유치원,공립(병설),19820301,38,0,0,5,7,0,127.133133911123,37.444487370818
숲리라유치원,사립(사인),20150301,240,54,88,78,0,0,127.097465531085,37.3985923526734
숲속그림유치원,사립(사인),20041109,160,54,22,52,0,0,127.123277044821,37.4160649428042
신구대학교부속유치원,사립(법인),19880223,320,44,44,51,0,0,127.169312712563,37.4477534371193
신양유치원,사립(사인),19950315,164,25,34,48,11,0,127.122773941994,37.3629676449281
신흥동성당부설성모유치원,사립(법인),20100301,66,16,20,21,0,0,127.143291004811,37.4489166175834
아름다운유치원,사립(사인),19921102,230,32,44,52,0,0,127.125456073539,37.367661277469
아리솔유치원,사립(사인),20110425,128,0,16,16,7,0,127.11336103873,37.4059000382189
아이비유치원,사립(사인),20100301,120,18,38,45,0,0,127.153129531799,37.4506554308524
예원유치원,사립(사인),19810310,520,37,64,84,0,0,127.143004911934,37.4349008678327
예은유치원,사립(사인),19951223,60,14,11,19,0,0,127.120471353936,37.3655427389899
오리초등학교병설유치원,공립(병설),19980301,22,0,0,0,4,4,127.115380422936,37.3443555011277
오즈의마법사판교유치원,사립(사인),20151001,142,54,44,26,0,0,127.11223268482,37.389334980842
왕남초등학교병설유치원,공립(병설),19810310,44,0,8,10,0,0,127.098357514175,37.4283634064812
운중초등학교병설유치원,공립(병설),20090301,20,0,0,0,6,0,127.068937814535,37.3924192244487
위례고운초등학교병설유치원,공립(병설),20160308,58,11,13,23,0,0,127.1457938655,37.4714370828
위례새초롱유치원,공립(단설),20160902,134,41,35,41,0,4,127.1478660002,37.4697117771
위례중앙초등학교병설유치원,공립(병설),20161028,38,0,0,6,3,0,127.1359462234,37.4719714084
위례푸른초등학교병설유치원,공립(병설),20160308,56,13,19,21,0,0,127.150993518642,37.4706964746096
위례하늘유치원,공립(단설),20170901,302,84,93,91,0,8,127.151134366,37.467037048
위례한빛초등학교병설유치원,공립(병설),20160308,58,8,10,23,0,0,127.119588432247,37.3866358080502
은서유치원,사립(사인),19970417,130,30,40,35,0,0,127.134974491237,37.44360251565
은솔유치원,공립(단설),20160309,96,24,37,23,0,4,127.138154793954,37.4677987217147
은정유치원,사립(사인),19940207,198,57,62,52,0,0,127.12987558675,37.4145696729993
은혜유치원,사립(사인),20051206,152,23,19,24,0,0,127.11194773047,37.3609090192552
이매유치원,사립(사인),19940221,80,9,13,9,0,0,127.122658078916,37.3980904385875
중부초등학교병설유치원,공립(병설),20000301,18,0,0,0,8,0,127.164950839986,37.4515467377665
즐거운유치원,사립(사인),19940831,128,28,33,43,0,0,127.111552032793,37.3526501503268
진영유치원,사립(사인),19930501,90,17,15,17,0,0,127.132352026929,37.3715843687533
창은유치원,사립(사인),19960301,80,16,21,26,13,0,127.114672326718,37.374236739352
판교반디유치원,공립(단설),20210906,260,83,74,92,0,6,127.06977404078,37.3670903891975
판교샘유치원,사립(사인),20101005,115,29,27,44,0,0,127.071418908058,37.392181265797
판교초등학교병설유치원,공립(병설),20110301,18,0,0,0,6,0,127.091440068009,37.3872774331498
하나유치원,사립(사인),19930119,132,36,46,50,0,0,127.118996555359,37.3769134265284
하원초등학교병설유치원,공립(병설),19870310,58,8,15,24,0,0,127.169288708841,37.4462976560797
하은유치원,사립(사인),19930301,60,18,17,10,0,0,127.124099400599,37.3908461502147
한국유치원,사립(사인),19970302,360,60,33,48,0,0,127.136421402399,37.4114910567893
한별유치원,사립(사인),19951223,87,13,22,27,16,0,127.106814557143,37.3550961766685
한솔유치원,사립(사인),20131115,157,30,28,30,0,0,127.117057755101,37.3672542768571
한울유치원,사립(사인),19950901,120,35,22,29,0,0,127.115787240728,37.3349959318356
해나유치원,사립(사인),20110126,80,36,22,22,0,0,127.09793166293,37.3905185028623
현대유치원,사립(사인),19920302,270,54,44,53,0,0,127.128604712311,37.3788314798844
혜성유치원,사립(법인),19850313,100,32,20,41,0,0,127.16025386157,37.4445125542192
홍하유치원,사립(사인),20100315,174,32,22,22,0,0,127.131752965005,37.3817771194266
효자유치원,사립(사인),19970302,150,8,33,26,0,0,127.133711646987,37.3750381729273
희망대초등학교병설유치원,공립(병설),19850301,38,0,0,12,2,0,127.148288885626,37.4475368063339
희소유치원,사립(사인),19960322,240,34,45,44,0,0,127.114122874517,37.3394037015815
희언유치원,사립(사인),19940908,220,49,53,56,0,0,127.113967014439,37.3648853137757
